{
  "authors POST" : {
    "transaction" : "authors POST",
    "sampleCount" : 100,
    "errorCount" : 0,
    "errorPct" : 0.0,
    "meanResTime" : 841.1999999999999,
    "minResTime" : 81.0,
    "maxResTime" : 5415.0,
    "pct1ResTime" : 1595.9,
    "pct2ResTime" : 2350.849999999997,
    "pct3ResTime" : 5397.599999999991,
    "throughput" : 5.364806866952789,
    "receivedKBytesPerSec" : 1.6565936829399142,
    "sentKBytesPerSec" : 1.4837043991416308
  },
  "activities DELETE " : {
    "transaction" : "activities DELETE ",
    "sampleCount" : 100,
    "errorCount" : 0,
    "errorPct" : 0.0,
    "meanResTime" : 567.4000000000001,
    "minResTime" : 73.0,
    "maxResTime" : 1856.0,
    "pct1ResTime" : 1183.4,
    "pct2ResTime" : 1412.999999999998,
    "pct3ResTime" : 1854.7699999999993,
    "throughput" : 10.726161106939827,
    "receivedKBytesPerSec" : 2.21017577496514,
    "sentKBytesPerSec" : 2.0960008178697844
  },
  "users DELETE" : {
    "transaction" : "users DELETE",
    "sampleCount" : 100,
    "errorCount" : 0,
    "errorPct" : 0.0,
    "meanResTime" : 311.7000000000001,
    "minResTime" : 72.0,
    "maxResTime" : 5363.0,
    "pct1ResTime" : 684.9,
    "pct2ResTime" : 1191.8499999999958,
    "pct3ResTime" : 5334.789999999985,
    "throughput" : 6.5436461196178515,
    "receivedKBytesPerSec" : 1.3483489562884439,
    "sentKBytesPerSec" : 1.2467435136107838
  },
  "coverPhotos all GET" : {
    "transaction" : "coverPhotos all GET",
    "sampleCount" : 100,
    "errorCount" : 0,
    "errorPct" : 0.0,
    "meanResTime" : 989.8700000000003,
    "minResTime" : 146.0,
    "maxResTime" : 6253.0,
    "pct1ResTime" : 1921.3000000000004,
    "pct2ResTime" : 3086.75,
    "pct3ResTime" : 6239.049999999993,
    "throughput" : 4.564125969876769,
    "receivedKBytesPerSec" : 92.43692235280693,
    "sentKBytesPerSec" : 0.7889163053400274
  },
  "coverPhotosCoverPhotosForBook  GET" : {
    "transaction" : "coverPhotosCoverPhotosForBook  GET",
    "sampleCount" : 100,
    "errorCount" : 0,
    "errorPct" : 0.0,
    "meanResTime" : 665.2499999999998,
    "minResTime" : 77.0,
    "maxResTime" : 5330.0,
    "pct1ResTime" : 1649.3000000000006,
    "pct2ResTime" : 2085.2999999999997,
    "pct3ResTime" : 5308.909999999989,
    "throughput" : 4.903643407051439,
    "receivedKBytesPerSec" : 1.7162751924680038,
    "sentKBytesPerSec" : 0.8432925820134359
  },
  "authors all GET" : {
    "transaction" : "authors all GET",
    "sampleCount" : 100,
    "errorCount" : 0,
    "errorPct" : 0.0,
    "meanResTime" : 751.3200000000002,
    "minResTime" : 164.0,
    "maxResTime" : 6196.0,
    "pct1ResTime" : 1302.7000000000003,
    "pct2ResTime" : 1895.499999999999,
    "pct3ResTime" : 6167.859999999986,
    "throughput" : 5.8230943923601,
    "receivedKBytesPerSec" : 273.2874870800093,
    "sentKBytesPerSec" : 0.9837845018342748
  },
  "authors DELETE" : {
    "transaction" : "authors DELETE",
    "sampleCount" : 100,
    "errorCount" : 0,
    "errorPct" : 0.0,
    "meanResTime" : 1181.4500000000003,
    "minResTime" : 79.0,
    "maxResTime" : 6363.0,
    "pct1ResTime" : 2302.5,
    "pct2ResTime" : 3027.2499999999995,
    "pct3ResTime" : 6362.59,
    "throughput" : 4.608932110430014,
    "receivedKBytesPerSec" : 0.949692065723372,
    "sentKBytesPerSec" : 0.8871294130524958
  },
  "users all GET" : {
    "transaction" : "users all GET",
    "sampleCount" : 100,
    "errorCount" : 0,
    "errorPct" : 0.0,
    "meanResTime" : 664.8900000000007,
    "minResTime" : 75.0,
    "maxResTime" : 6362.0,
    "pct1ResTime" : 2187.5000000000027,
    "pct2ResTime" : 2952.149999999999,
    "pct3ResTime" : 6358.219999999998,
    "throughput" : 5.422111370167544,
    "receivedKBytesPerSec" : 4.151304017784525,
    "sentKBytesPerSec" : 0.9054502385729002
  },
  "books PUT" : {
    "transaction" : "books PUT",
    "sampleCount" : 100,
    "errorCount" : 0,
    "errorPct" : 0.0,
    "meanResTime" : 1634.6299999999997,
    "minResTime" : 182.0,
    "maxResTime" : 7125.0,
    "pct1ResTime" : 2940.7000000000007,
    "pct2ResTime" : 5240.8499999999985,
    "pct3ResTime" : 7116.979999999996,
    "throughput" : 4.23477598035064,
    "receivedKBytesPerSec" : 1.667029489921233,
    "sentKBytesPerSec" : 1.5599194333869737
  },
  "books POST" : {
    "transaction" : "books POST",
    "sampleCount" : 100,
    "errorCount" : 0,
    "errorPct" : 0.0,
    "meanResTime" : 1194.5199999999995,
    "minResTime" : 241.0,
    "maxResTime" : 3168.0,
    "pct1ResTime" : 2112.1,
    "pct2ResTime" : 2847.8499999999935,
    "pct3ResTime" : 3165.829999999999,
    "throughput" : 4.35028494366381,
    "receivedKBytesPerSec" : 1.7124998640535956,
    "sentKBytesPerSec" : 1.6232850361073652
  },
  "activities GET" : {
    "transaction" : "activities GET",
    "sampleCount" : 100,
    "errorCount" : 0,
    "errorPct" : 0.0,
    "meanResTime" : 629.03,
    "minResTime" : 72.0,
    "maxResTime" : 1758.0,
    "pct1ResTime" : 1401.8,
    "pct2ResTime" : 1510.6499999999999,
    "pct3ResTime" : 1757.95,
    "throughput" : 15.89319771137953,
    "receivedKBytesPerSec" : 5.456147190877305,
    "sentKBytesPerSec" : 2.764236828512397
  },
  "activities PUT " : {
    "transaction" : "activities PUT ",
    "sampleCount" : 100,
    "errorCount" : 0,
    "errorPct" : 0.0,
    "meanResTime" : 688.83,
    "minResTime" : 73.0,
    "maxResTime" : 1751.0,
    "pct1ResTime" : 1372.5000000000002,
    "pct2ResTime" : 1548.1999999999998,
    "pct3ResTime" : 1750.8899999999999,
    "throughput" : 12.229423994129878,
    "receivedKBytesPerSec" : 4.135790555827321,
    "sentKBytesPerSec" : 3.683158554482084
  },
  "authors PUT" : {
    "transaction" : "authors PUT",
    "sampleCount" : 100,
    "errorCount" : 0,
    "errorPct" : 0.0,
    "meanResTime" : 1140.8000000000002,
    "minResTime" : 73.0,
    "maxResTime" : 6315.0,
    "pct1ResTime" : 2125.0,
    "pct2ResTime" : 3078.4999999999977,
    "pct3ResTime" : 6305.519999999995,
    "throughput" : 4.749916876454662,
    "receivedKBytesPerSec" : 1.4667223792333635,
    "sentKBytesPerSec" : 1.290919791716145
  },
  "books GET" : {
    "transaction" : "books GET",
    "sampleCount" : 100,
    "errorCount" : 0,
    "errorPct" : 0.0,
    "meanResTime" : 1833.0800000000004,
    "minResTime" : 293.0,
    "maxResTime" : 4016.0,
    "pct1ResTime" : 3114.4,
    "pct2ResTime" : 3279.5499999999993,
    "pct3ResTime" : 4013.0899999999983,
    "throughput" : 4.2718612499466015,
    "receivedKBytesPerSec" : 19.712720668332693,
    "sentKBytesPerSec" : 0.7221281077790593
  },
  "books DELETE" : {
    "transaction" : "books DELETE",
    "sampleCount" : 100,
    "errorCount" : 0,
    "errorPct" : 0.0,
    "meanResTime" : 1174.6300000000006,
    "minResTime" : 88.0,
    "maxResTime" : 5336.0,
    "pct1ResTime" : 2850.4000000000033,
    "pct2ResTime" : 3555.9499999999935,
    "pct3ResTime" : 5322.079999999993,
    "throughput" : 4.407616361071932,
    "receivedKBytesPerSec" : 0.9082100119005643,
    "sentKBytesPerSec" : 0.8397714375440762
  },
  "coverPhotos POST" : {
    "transaction" : "coverPhotos POST",
    "sampleCount" : 100,
    "errorCount" : 0,
    "errorPct" : 0.0,
    "meanResTime" : 501.62999999999965,
    "minResTime" : 80.0,
    "maxResTime" : 2994.0,
    "pct1ResTime" : 1283.3,
    "pct2ResTime" : 1778.6499999999971,
    "pct3ResTime" : 2992.129999999999,
    "throughput" : 5.2186619350798455,
    "receivedKBytesPerSec" : 1.5763009145705043,
    "sentKBytesPerSec" : 1.3826396318234004
  },
  "users PUT" : {
    "transaction" : "users PUT",
    "sampleCount" : 100,
    "errorCount" : 0,
    "errorPct" : 0.0,
    "meanResTime" : 540.94,
    "minResTime" : 72.0,
    "maxResTime" : 5739.0,
    "pct1ResTime" : 1685.4,
    "pct2ResTime" : 2889.599999999989,
    "pct3ResTime" : 5734.989999999998,
    "throughput" : 6.101653548111538,
    "receivedKBytesPerSec" : 1.8596934300445422,
    "sentKBytesPerSec" : 1.60406751479651
  },
  "users POST" : {
    "transaction" : "users POST",
    "sampleCount" : 100,