{
  "authors POST" : {
    "transaction" : "authors POST",
    "sampleCount" : 405,
    "errorCount" : 0,
    "errorPct" : 0.0,
    "meanResTime" : 592.9851851851855,
    "minResTime" : 79.0,
    "maxResTime" : 3707.0,
    "pct1ResTime" : 1413.400000000001,
    "pct2ResTime" : 1750.5999999999995,
    "pct3ResTime" : 2711.66,
    "throughput" : 3.4745457353168274,
    "receivedKBytesPerSec" : 1.0728933421698323,
    "sentKBytesPerSec" : 0.9609206768715362
  },
  "activities DELETE " : {
    "transaction" : "activities DELETE ",
    "sampleCount" : 411,
    "errorCount" : 0,
    "errorPct" : 0.0,
    "meanResTime" : 358.9683698296837,
    "minResTime" : 77.0,
    "maxResTime" : 1595.0,
    "pct1ResTime" : 833.0000000000005,
    "pct2ResTime" : 1127.1999999999998,
    "pct3ResTime" : 1358.1999999999998,
    "throughput" : 3.5052109096491377,
    "receivedKBytesPerSec" : 0.7222651386093438,
    "sentKBytesPerSec" : 0.68495297868303
  },
  "users DELETE" : {
    "transaction" : "users DELETE",
    "sampleCount" : 378,
    "errorCount" : 0,
    "errorPct" : 0.0,
    "meanResTime" : 374.9312169312171,
    "minResTime" : 75.0,
    "maxResTime" : 2365.0,
    "pct1ResTime" : 752.0000000000002,
    "pct2ResTime" : 1053.1500000000005,
    "pct3ResTime" : 1538.84,
    "throughput" : 3.598457803798372,
    "receivedKBytesPerSec" : 0.7414790982436099,
    "sentKBytesPerSec" : 0.6856064662763578
  },
  "coverPhotos all GET" : {
    "transaction" : "coverPhotos all GET",
    "sampleCount" : 393,
    "errorCount" : 0,
    "errorPct" : 0.0,
    "meanResTime" : 520.2290076335875,
    "minResTime" : 95.0,
    "maxResTime" : 2663.0,
    "pct1ResTime" : 955.0000000000003,
    "pct2ResTime" : 1421.3999999999996,
    "pct3ResTime" : 1970.46,
    "throughput" : 3.6232552136153267,
    "receivedKBytesPerSec" : 73.381533081219,
    "sentKBytesPerSec" : 0.6262853250096805
  },
  "coverPhotosCoverPhotosForBook  GET" : {
    "transaction" : "coverPhotosCoverPhotosForBook  GET",
    "sampleCount" : 390,
    "errorCount" : 0,
    "errorPct" : 0.0,
    "meanResTime" : 447.47179487179517,
    "minResTime" : 84.0,
    "maxResTime" : 2489.0,
    "pct1ResTime" : 1042.9000000000017,
    "pct2ResTime" : 1276.85,
    "pct3ResTime" : 2145.3699999999976,
    "throughput" : 3.6512751376249857,
    "receivedKBytesPerSec" : 1.277946298168745,
    "sentKBytesPerSec" : 0.6279194841169532
  },
  "authors all GET" : {
    "transaction" : "authors all GET",
    "sampleCount" : 406,
    "errorCount" : 0,
    "errorPct" : 0.0,
    "meanResTime" : 492.6108374384237,
    "minResTime" : 149.0,
    "maxResTime" : 2222.0,
    "pct1ResTime" : 923.3,
    "pct2ResTime" : 1144.65,
    "pct3ResTime" : 1896.7400000000002,
    "throughput" : 3.4859659817802466,
    "receivedKBytesPerSec" : 159.80058829700687,
    "sentKBytesPerSec" : 0.5889376121562331
  },
  "authors DELETE" : {
    "transaction" : "authors DELETE",
    "sampleCount" : 401,
    "errorCount" : 0,
    "errorPct" : 0.0,
    "meanResTime" : 629.9625935162089,
    "minResTime" : 76.0,
    "maxResTime" : 3825.0,
    "pct1ResTime" : 1379.8000000000002,
    "pct2ResTime" : 1825.7999999999986,
    "pct3ResTime" : 3697.6400000000067,
    "throughput" : 3.476979103442296,
    "receivedKBytesPerSec" : 0.7164478426038325,
    "sentKBytesPerSec" : 0.6692497209095639
  },
  "users all GET" : {
    "transaction" : "users all GET",
    "sampleCount" : 386,
    "errorCount" : 0,
    "errorPct" : 0.0,
    "meanResTime" : 384.940414507772,
    "minResTime" : 78.0,
    "maxResTime" : 2654.0,
    "pct1ResTime" : 843.7000000000003,
    "pct2ResTime" : 1252.7999999999993,
    "pct3ResTime" : 2213.209999999999,
    "throughput" : 3.6496005294757246,
    "receivedKBytesPerSec" : 2.7942254053798514,
    "sentKBytesPerSec" : 0.6094547759183094
  },
  "books PUT" : {
    "transaction" : "books PUT",
    "sampleCount" : 395,
    "errorCount" : 0,
    "errorPct" : 0.0,
    "meanResTime" : 805.060759493671,
    "minResTime" : 88.0,
    "maxResTime" : 4848.0,
    "pct1ResTime" : 1821.0000000000007,
    "pct2ResTime" : 2537.0,
    "pct3ResTime" : 3476.800000000003,
    "throughput" : 3.465915572051559,
    "receivedKBytesPerSec" : 1.3643529349504682,
    "sentKBytesPerSec" : 1.2766853562873464
  },
  "books POST" : {
    "transaction" : "books POST",
    "sampleCount" : 394,
    "errorCount" : 0,
    "errorPct" : 0.0,
    "meanResTime" : 702.6345177664972,
    "minResTime" : 86.0,
    "maxResTime" : 3350.0,
    "pct1ResTime" : 1668.0,
    "pct2ResTime" : 2100.5,
    "pct3ResTime" : 3077.2500000000014,
    "throughput" : 3.5394096192888838,
    "receivedKBytesPerSec" : 1.39327583757793,
    "sentKBytesPerSec" : 1.320690288744857
  },
  "activities GET" : {
    "transaction" : "activities GET",
    "sampleCount" : 421,
    "errorCount" : 0,
    "errorPct" : 0.0,
    "meanResTime" : 344.83847980997615,
    "minResTime" : 72.0,
    "maxResTime" : 1803.0,
    "pct1ResTime" : 662.8,
    "pct2ResTime" : 1040.099999999999,
    "pct3ResTime" : 1553.4599999999998,
    "throughput" : 3.570065719737121,
    "receivedKBytesPerSec" : 1.2258436903752385,
    "sentKBytesPerSec" : 0.6209256412974348
  },
  "activities PUT " : {
    "transaction" : "activities PUT ",
    "sampleCount" : 416,
    "errorCount" : 0,
    "errorPct" : 0.0,
    "meanResTime" : 420.60336538461536,
    "minResTime" : 76.0,
    "maxResTime" : 3133.0,
    "pct1ResTime" : 957.9000000000001,
    "pct2ResTime" : 1322.2499999999955,
    "pct3ResTime" : 2312.759999999999,
    "throughput" : 3.5435015928721105,
    "receivedKBytesPerSec" : 1.198389040379734,
    "sentKBytesPerSec" : 1.0672329649994037
  },
  "authors PUT" : {
    "transaction" : "authors PUT",
    "sampleCount" : 401,
    "errorCount" : 0,
    "errorPct" : 0.0,
    "meanResTime" : 696.9376558603499,
    "minResTime" : 84.0,
    "maxResTime" : 4854.0,
    "pct1ResTime" : 1615.0,
    "pct2ResTime" : 1999.3999999999992,
    "pct3ResTime" : 3464.2400000000007,
    "throughput" : 3.4760447638283303,
    "receivedKBytesPerSec" : 1.0733629107757388,
    "sentKBytesPerSec" : 0.9447076730870918
  },
  "books GET" : {
    "transaction" : "books GET",
    "sampleCount" : 398,
    "errorCount" : 0,
    "errorPct" : 0.0,
    "meanResTime" : 914.4271356783917,
    "minResTime" : 149.0,
    "maxResTime" : 4630.0,
    "pct1ResTime" : 1746.6000000000008,
    "pct2ResTime" : 2351.149999999997,
    "pct3ResTime" : 3339.869999999999,
    "throughput" : 3.449860011961826,
    "receivedKBytesPerSec" : 16.21539677453258,
    "sentKBytesPerSec" : 0.5831678063267659
  },
  "books DELETE" : {
    "transaction" : "books DELETE",
    "sampleCount" : 393,
    "errorCount" : 0,
    "errorPct" : 0.0,
    "meanResTime" : 520.9185750636124,
    "minResTime" : 86.0,
    "maxResTime" : 2983.0,
    "pct1ResTime" : 1148.8000000000004,
    "pct2ResTime" : 1689.2999999999986,
    "pct3ResTime" : 2338.2400000000002,
    "throughput" : 3.5943259038403497,
    "receivedKBytesPerSec" : 0.7406277008889783,
    "sentKBytesPerSec" : 0.6848146875771682
  },
  "coverPhotos POST" : {
    "transaction" : "coverPhotos POST",
    "sampleCount" : 388,
    "errorCount" : 0,
    "errorPct" : 0.0,
    "meanResTime" : 498.01546391752566,
    "minResTime" : 80.0,
    "maxResTime" : 2466.0,
    "pct1ResTime" : 1064.4,
    "pct2ResTime" : 1500.8499999999997,
    "pct3ResTime" : 2100.250000000001,
    "throughput" : 3.6602047073251263,
    "receivedKBytesPerSec" : 1.1055640064147918,
    "sentKBytesPerSec" : 0.9697360973538984
  },
  "users PUT" : {
    "transaction" : "users PUT",
    "sampleCount" : 379,
    "errorCount" : 0,
    "errorPct" : 0.0,
    "meanResTime" : 444.4907651715039,
    "minResTime" : 75.0,
    "maxResTime" : 2507.0,
    "pct1ResTime" : 908.0,
    "pct2ResTime" : 1348.0,
    "pct3ResTime" : 2056.999999999998,
    "throughput" : 3.6049232408164817,
    "receivedKBytesPerSec" : 1.0987280220956113,
    "sentKBytesPerSec" : 0.9477023816034774
  },
  "users POST" : {
    "transaction" : "users POST",